2023-05-08T03:41:12Z,2d903a54-ed52-11ed-88e0-0a580a81022a,https://qe-private-deck-ci.apps.ci.l2s4.p1.openshiftapps.com/view/gs/qe-private-deck/logs/periodic-ci-openshift-openshift-tests-private-release-4.12-amd64-nightly-4.12-upgrade-from-stable-4.11-gcp-ipi-ovn-p2-f7/1655417541016686592
2023-05-11T10:05:17Z,2c3fc4c4-5c3d-4131-9855-95c75434587b,https://qe-private-deck-ci.apps.ci.l2s4.p1.openshiftapps.com/view/gs/qe-private-deck/logs/periodic-ci-openshift-openshift-tests-private-release-4.12-amd64-nightly-4.12-upgrade-from-stable-4.11-aws-ipi-proxy-cco-manual-sts-p2-f14/1656601363171250176
2023-05-11T10:05:39Z,f4ab232a-8e68-43f3-ad05-16bfb0022bd2,https://qe-private-deck-ci.apps.ci.l2s4.p1.openshiftapps.com/view/gs/qe-private-deck/logs/periodic-ci-openshift-openshift-tests-private-release-4.12-amd64-nightly-4.12-upgrade-from-stable-4.11-vsphere-ipi-proxy-workers-rhel8-p2-f14/1656601454665797632
2023-05-11T10:05:50Z,c1502220-5a93-45fe-b307-c18724fa3e9d,https://qe-private-deck-ci.apps.ci.l2s4.p1.openshiftapps.com/view/gs/qe-private-deck/logs/periodic-ci-openshift-openshift-tests-private-release-4.12-amd64-nightly-4.12-upgrade-from-stable-4.11-gcp-ipi-ovn-p2-f7/1656601500836696064
2023-05-15T07:52:57Z,faf5ba5d-5291-409b-9471-1ea7a14c9580,https://qe-private-deck-ci.apps.ci.l2s4.p1.openshiftapps.com/view/gs/qe-private-deck/logs/periodic-ci-openshift-openshift-tests-private-release-4.12-amd64-stable-4.12-upgrade-from-stable-4.11-aws-ipi-ovn-fips-p2-f28/1658017609611743232
2023-05-15T07:52:57Z,faf5ba5d-5291-409b-9471-1ea7a14c9580,https://qe-private-deck-ci.apps.ci.l2s4.p1.openshiftapps.com/view/gs/qe-private-deck/logs/periodic-ci-openshift-openshift-tests-private-release-4.12-amd64-stable-4.12-upgrade-from-stable-4.11-aws-ipi-ovn-fips-p2-f28/1658017609611743232
2023-05-15T07:52:57Z,faf5ba5d-5291-409b-9471-1ea7a14c9580,https://qe-private-deck-ci.apps.ci.l2s4.p1.openshiftapps.com/view/gs/qe-private-deck/logs/periodic-ci-openshift-openshift-tests-private-release-4.12-amd64-stable-4.12-upgrade-from-stable-4.11-aws-ipi-ovn-fips-p2-f28/1658017609611743232
2023-05-15T08:58:54Z,0d082c59-3fb2-4992-8ca6-27802c1d4f3b,https://qe-private-deck-ci.apps.ci.l2s4.p1.openshiftapps.com/view/gs/qe-private-deck/logs/periodic-ci-openshift-openshift-tests-private-release-4.12-amd64-stable-4.12-upgrade-from-stable-4.11-aws-ipi-disconnected-cco-manual-sts-ep-p2-f28/1658034209345769472
2023-05-15T09:00:17Z,9e7d4cf8-fa24-4dd1-9856-0b6b96c02b0c,https://qe-private-deck-ci.apps.ci.l2s4.p1.openshiftapps.com/view/gs/qe-private-deck/logs/periodic-ci-openshift-openshift-tests-private-release-4.12-amd64-stable-4.12-upgrade-from-stable-4.11-aws-ipi-proxy-cco-manual-sts-p2-f28/1658034558106341376
2023-05-15T09:36:30Z,d46accd8-bf7f-41c2-acdd-93839c4f9e21,https://qe-private-deck-ci.apps.ci.l2s4.p1.openshiftapps.com/view/gs/qe-private-deck/logs/periodic-ci-openshift-openshift-tests-private-release-4.12-amd64-nightly-4.12-upgrade-from-stable-4.11-aws-ipi-proxy-cco-manual-sts-p2-f14/1658043671188082688
2023-05-15T09:36:42Z,2e6951c2-8918-43c9-83b9-87309954b4e1,https://qe-private-deck-ci.apps.ci.l2s4.p1.openshiftapps.com/view/gs/qe-private-deck/logs/periodic-ci-openshift-openshift-tests-private-release-4.12-amd64-nightly-4.12-upgrade-from-stable-4.11-azure-ipi-proxy-workers-rhcos-rhel8-p2-f7/1658043721582645248
2023-05-15T09:36:54Z,0943a832-bb3f-4e11-981e-8cc6c90ecb35,https://qe-private-deck-ci.apps.ci.l2s4.p1.openshiftapps.com/view/gs/qe-private-deck/logs/periodic-ci-openshift-openshift-tests-private-release-4.12-amd64-nightly-4.12-upgrade-from-stable-4.11-vsphere-ipi-proxy-workers-rhel8-p2-f14/1658043770538561536
2023-05-15T09:37:07Z,6031014a-a91e-403f-bcfb-b8a4d11921c1,https://qe-private-deck-ci.apps.ci.l2s4.p1.openshiftapps.com/view/gs/qe-private-deck/logs/periodic-ci-openshift-openshift-tests-private-release-4.12-amd64-nightly-4.12-upgrade-from-stable-4.11-gcp-ipi-ovn-p2-f7/1658043823386791936
2023-05-15T10:12:37Z,8aa9e762-535b-47c4-addb-0d694f298c6e,https://qe-private-deck-ci.apps.ci.l2s4.p1.openshiftapps.com/view/gs/qe-private-deck/logs/periodic-ci-openshift-openshift-tests-private-release-4.12-amd64-nightly-4.12-upgrade-from-stable-4.11-aws-ipi-proxy-cco-manual-sts-p2-f14/1658052758541963264
2023-05-15T10:12:49Z,47d376a8-f13d-4182-9e6a-5bc6c263a813,https://qe-private-deck-ci.apps.ci.l2s4.p1.openshiftapps.com/view/gs/qe-private-deck/logs/periodic-ci-openshift-openshift-tests-private-release-4.12-amd64-nightly-4.12-upgrade-from-stable-4.11-azure-ipi-proxy-workers-rhcos-rhel8-p2-f7/1658052809444036608
2023-05-15T10:13:01Z,948bdc84-aaeb-4f10-815f-0c4a6a617385,https://qe-private-deck-ci.apps.ci.l2s4.p1.openshiftapps.com/view/gs/qe-private-deck/logs/periodic-ci-openshift-openshift-tests-private-release-4.12-amd64-nightly-4.12-upgrade-from-stable-4.11-vsphere-ipi-proxy-workers-rhel8-p2-f14/1658052858752274432
2023-05-15T10:13:13Z,7a37eb37-0161-4365-aace-aadb3b36c169,https://qe-private-deck-ci.apps.ci.l2s4.p1.openshiftapps.com/view/gs/qe-private-deck/logs/periodic-ci-openshift-openshift-tests-private-release-4.12-amd64-nightly-4.12-upgrade-from-stable-4.11-gcp-ipi-ovn-p2-f7/1658052909947949056
